Serial Number,Song,Artist,Genres,Album,Duration,Album Label,Country,Streams
1," Pani Da Rang Male (From ""Vicky Donor"")",Ayushmann Khurrana,World/Traditional,Vicky Donor,04:00,Eros Music,India,
2, Channa Mereya,"Pritam,Arijit Singh",World/Traditional,Ae Dil Hai Mushkil (Original Motion Picture Soundtrack),04:49,Sony Music Entertainment India Pvt. Ltd.,India,
3, Chand Sifarish,"Jatin-Lalit,Shaan,Kailash Kher,Prasoon Joshi","Pop, World/Traditional, Hip Hop",Fanaa,04:35,YRF Music,India,
4, Yeh Fitoor Mera,Arijit Singh,World/Traditional,Fitoor,04:43,Zee Music Company,India,
5," Galliyan (From ""Ek Villain"")",Ankit Tiwari,World/Traditional,Best Of Shraddha Kapoor,05:40,T-Series,India,
6, Samjhawan,"Jawad Ahmad,Shaarib Toshi,Arijit Singh,Shreya Ghoshal",World/Traditional,Samjhawan,04:29,Sony Music Entertainment India Pvt. Ltd.,India,
7, Banjaara,Mohammed Irfan,World/Traditional,Ek Villain,05:36,T-Series,India,
8, Zaroorat,Mustafa Zahid,"Hip Hop, World/Traditional",Ek Villain,06:08,T-Series,India,
9, Kabhii Tumhhe,"Javed-Mohsin,Darshan Raval",World/Traditional,Shershaah (Original Motion Picture Soundtrack),03:50,Sony Music Entertainment India Pvt. Ltd.,India,
10," Pachtaoge (From ""Jaani Ve"")","Arijit Singh,B Praak","World/Traditional, Hip Hop","Pachtaoge (From ""Jaani Ve"")",03:46,T-Series,India,
11, Kabhi Kabhi Aditi,Rashid Ali,World/Traditional,Jaane Tu... Ya Jaane Na,03:38,T-Series,India,
12, Barso,Ritviz,"Hip Hop, World/Traditional, Rock, Dance/Electronic",Barso,04:17,Ritviz,India,
13, Sunn Raha Hai,Ankit Tiwari,World/Traditional,Aashiqui 2,06:30,T-Series,India,
14, Pasoori,"Shae Gill,Ali Sethi",World/Traditional,Pasoori,03:44,Giraffe Pakistan,India,
15, Sooraj Dooba Hain,"Arijit Singh,Aditi Singh Sharma",World/Traditional,Roy,04:24,T-Series,India,
16, Nashe Si Chadh Gayi,"Arijit Singh,Caralisa Monteiro",World/Traditional,Best of Arijit Singh,03:58,YRF Music,India,
17," Tum Hi Ho (From ""Aashiqui 2"")",Arijit Singh,World/Traditional,Loveholic Arijit Singh,04:21,T-Series,India,
18, Chahun Main Ya Naa,"Palak Muchhal,Arijit Singh",World/Traditional,Aashiqui 2,05:04,T-Series,India,
19," Agar Tum Saath Ho (From ""Tamasha"")","Alka Yagnik,Arijit Singh",World/Traditional,Love Forever With Arijit Singh,05:41,T-Series,India,
20, Pal,"Javed-Mohsin,Arijit Singh,Shreya Ghoshal",World/Traditional,Pal,04:07,Sony Music Entertainment India Pvt. Ltd.,India,
21, Hope,XXXTENTACION,Hip Hop,?,01:50,"Bad Vibes Forever, LLC",USA,
22, Jocelyn Flores,XXXTENTACION,Hip Hop,17,01:59,Bad Vibes Forever / EMPIRE,USA,
23, SAD!,XXXTENTACION,Hip Hop,?,02:46,"Bad Vibes Forever, LLC",USA,
24, Everybody Dies In Their Nightmares,XXXTENTACION,Hip Hop,17,01:35,Bad Vibes Forever / EMPIRE,USA,
25, Revenge,XXXTENTACION,Hip Hop,17,02:00,Bad Vibes Forever / EMPIRE,USA,
26, Moonlight,XXXTENTACION,Hip Hop,?,02:15,"Bad Vibes Forever, LLC",USA,
27, the remedy for a broken heart (why am I so in love),XXXTENTACION,Hip Hop,?,02:40,"Bad Vibes Forever, LLC",USA,
28, Falling Down - Bonus Track,"Lil Peep,XXXTENTACION",Hip Hop,"Come Over When You're Sober, Pt. 2",03:16,Columbia,USA,
29, Famous,"Sidhu Moose Wala,Intense","Hip Hop, World/Traditional",Famous,04:09,Lavish Squad Entertainment,India,
30, East Side Flow,Sidhu Moose Wala,"Hip Hop, World/Traditional",East Side Flow,03:44,Juke Dock,India,
31, Jaat Da Muqabala,Sidhu Moose Wala,"Hip Hop, World/Traditional",Pbx 1,03:24,T-Series,India,
32, Same Beef,"Bohemia,Sidhu Moose Wala","Hip Hop, World/Traditional",Same Beef,04:50,Saga Music,India,
33, Old Skool,"Prem Dhillon Ft. Sidhu Moosewala,Naseeb",,Old Skool,04:13,Sky Digital-Sidhu Moosewala,India,
34, Dhakka,"Sidhu Moose Wala,Afsana Khan","Hip Hop, World/Traditional",Dhakka,04:06,Sidhu Moosewala,India,
35, B-Town (feat. Sunny Malton),"Sidhu Moose Wala,Sunny Malton","Hip Hop, World/Traditional",B-Town (feat. Sunny Malton),03:02,Sony Music Entertainment India Pvt. Ltd.,India,
36, Confession Is Not Flashy,KYUHYUN,Pop,"HOSPITAL PLAYLIST (Original Television Soundtrack), Pt. 4",03:48,"Genie Music Corporation, Stone Music Entertainment",South Korea,
37, Beyond the Rainbow Forest,Park Hyuck Jin,Pop,"HOSPITAL PLAYLIST (Original Television Soundtrack), Pt. 10",04:30,"Genie Music Corporation, Stone Music Entertainment",South Korea,
38, Lonely Night,Kwon Jin Ah,Pop,"HOSPITAL PLAYLIST (Original Television Soundtrack), Pt. 1",04:02,"Genie Music Corporation, Stone Music Entertainment",South Korea,
39, Baaraat,"Ritviz,Nucleya","Hip Hop, World/Traditional, Rock, Dance/Electronic",Baaraat,03:42,Ritviz & Nucleya,India,
40, Sun Toh,Ritviz,"Hip Hop, World/Traditional, Rock, Dance/Electronic",Mismatched (Music from the Netflix Original Series),02:54,"Maisie Music Publishing, LLC",India,
41, Без тебя я не я,"JONY,HammAli & Navai","Dance/Electronic, Hip Hop, Pop",Список твоих мыслей,03:20,Atlantic Records Russia (Distribution),Russia,
42, Apocalypse,Cigarettes After Sex,"New age, Rock, Country",Cigarettes After Sex,04:50,Partisan Records,,
43, Малышка,"Sharlot,MORGENSHTERN","Dance/Electronic, Hip Hop, Latin",Малышка,02:32,Rhino/IRI,,
44, 外灯とアパート,鉄風東京,,Nokosu,04:11,TEPPU TOKYO,Japan,
45, Doobey,"OAFF,Savera,Lothika,Kausar Munir","World/Traditional, Rock",Gehraiyaan (Original Motion Picture Soundtrack),03:39,Sony Music Entertainment India Pvt. Ltd.,India,
46, Chaand Baaliyan,Aditya A,Rock,Chaand Baaliyan,01:43,Sony Music Entertainment India Pvt. Ltd.,India,
47, Udd Gaye,Ritviz,"Hip Hop, World/Traditional, Rock, Dance/Electronic",Ved,03:00,Ritviz,India,
48, Kasoor,Prateek Kuhad,"World/Traditional, Folk/Acoustic, Rock",Kasoor,03:17,Prateek Kuhad,India,
49, Excuses,"AP Dhillon,Gurinder Gill,Intense","Hip Hop, World/Traditional",Excuses,02:56,RUN-UP RECORDS,India,
50, 3 Peg,"Sharry Mann,Mista Baaz","World/Traditional, Hip Hop",3 Peg,03:24,T-Series,India,
51, The A Team,Ed Sheeran,Pop,+,04:18,Atlantic Records UK,,
52, I'll Keep Coming,Low Roar,Classical,0,05:52,Tonequake Records,USA,
53, Start Again (feat. Logic),"OneRepublic,Logic","Hip Hop, Pop",13 Reasons Why (Season 2),02:45,UMGRI Interscope,India,
54, Dragon Breath,OGRE Sound,"Metal, Pop",195,01:42,OGRE Sound,India,
55, Snowman,WYS,,1 Am. Study Session,03:15,ChilledCow Records,India,
56, Wool Gloves,imagiro,Dance/Electronic,1 Am. Study Session,02:45,ChilledCow Records,India,
57, Still D.R.E.,"Dr. Dre,Snoop Dogg",Hip Hop,2001,04:30,Aftermath,India,
58, 24K Magic,Bruno Mars,Pop,24K Magic,03:45,Atlantic Records,India,
59, That's What I Like,Bruno Mars,Pop,24K Magic,03:26,Atlantic Records,India,
60, Versace on the Floor,Bruno Mars,Pop,24K Magic,04:21,Atlantic Records,India,
61, Hall of Fame (feat. will.i.am),"The Script,will.i.am","World/Traditional, Pop, Rock, Folk/Acoustic, Hip Hop",#3 Deluxe Version,03:22,Epic/Phonogenic,India,
62, Old Town Road - Remix,"Lil Nas X,Billy Ray Cyrus","Country, Hip Hop, Pop",7 EP,02:37,Columbia,India,
63, Heartless,Kanye West,Hip Hop,808s & Heartbreak,03:31,Roc-A-Fella,India,
64, Tum Hi Ho,Arijit Singh,World/Traditional,Aashiqui 2,04:21,T-Series,India,
65, Absolute zero,Tsukuyomi,,Absolute zero,03:41,Tsukuyomi,India,
66, About You,Ascence,Dance/Electronic,About You,03:04,NCS,India,
67, After Hours,The Weeknd,"R&B, Pop",After Hours,06:01,Republic Records,India,
68, Blinding Lights,The Weeknd,"R&B, Pop",After Hours,03:20,Republic Records,India,
69, In Your Eyes,The Weeknd,"R&B, Pop",After Hours,03:57,Republic Records,India,
70, agoraphobic,CORPSE,Hip Hop,agoraphobic,02:09,CORPSE,India,
71, Akuma no Ko,Higuchi Ai,,Akuma no Ko,03:47,PONY CANYON INC.,India,
72, Ahora Y Siempre,"Quevedo,Linton",Latin,Ahora Y Siempre,02:29,QUEVEDO,India,
73, Alive,"R3HAB,Vini Vici,PANGEA,DEGO","Pop, Dance/Electronic",Alive,03:08,CYB3RPVNK,India,
74, All Around the World (La La La),"R3HAB,A Touch Of Class","Pop, Dance/Electronic",All Around the World (La La La),02:27,CYB3RPVNK,India,
75, Alleyways,"J+1,DrDisrespect",,Alleyways,02:06,RAKKON Music Group,India,
76, Let Her Go,Passenger,"Folk/Acoustic, Pop",All The Little Lights,04:12,Inertia Pty Limited,India,
77," Alone, Pt. II","Alan Walker,Ava Max",Pop,"Alone, Pt. II",02:59,MER Recordings,India,
78, Do I Wanna Know?,Arctic Monkeys,"Blues, Rock",AM,04:32,Domino Recording Co,India,
79, Centuries,Fall Out Boy,Rock,American Beauty/American Psycho,03:48,Island Records,India,
80, All We Know,"The Chainsmokers,Phoebe Ryan","Pop, Dance/Electronic",All We Know,03:14,Disruptor Records/Columbia,India,
81, All Falls Down (feat. Juliander),"Alan Walker,Noah Cyrus,Digital Farm Animals,Juliander","Pop, Dance/Electronic",All Falls Down (feat. Juliander),03:19,MER Recordings,India,
82, Young Dumb & Broke,Khalid,Pop,American Teen,03:22,"Right Hand Music Group, LLC/RCA Records",India,
83, Saved,Khalid,Pop,American Teen,03:26,"Right Hand Music Group, LLC/RCA Records",India,
84, Arms Around You (feat. Maluma & Swae Lee),"XXXTENTACION,Lil Pump,Swae Lee,Maluma","Hip Hop, Latin",Arms Around You (feat. Maluma & Swae Lee),03:18,Warner Records,India,
85, Astronaut In The Ocean,Masked Wolf,Hip Hop,Astronaut In The Ocean,02:12,Teamwrk,India,
86, SICKO MODE,Travis Scott,Hip Hop,ASTROWORLD,05:12,Cactus Jack / Epic / Grand Hustle,India,
87, I Took A Pill In Ibiza - Seeb Remix,"Mike Posner,Seeb","Pop, Dance/Electronic, Hip Hop","At Night, Alone.",03:17,"Monster Mountain, LLC / Island",India,
88, Attention,Charlie Puth,Pop,Attention,03:31,Artist Partner,India,
89, Redbone,Childish Gambino,Hip Hop,Awaken,02-12-2016,03-06-2022,India,
90, Without You (feat. Sandro Cavazza),"Avicii,Sandro Cavazza","Pop, Dance/Electronic, Hip Hop",AVĪCI (01),03:01,Universal Music Group,India,
91, Mere Rashke Qamar,"Nusrat Fateh Ali Khan,Rahat Fateh Ali Khan","World/Traditional, New age",Baadshaho,03:40,T-Series,India,
92, Kho Gaye Hum Kahan,"Jasleen Royal,Prateek Kuhad","World/Traditional, Folk/Acoustic, Rock",Baar Baar Dekho (Original Motion Picture Soundtrack),03:33,Zee Music Company,India,
93, Baby I'm Yours - Aeroplane Remix,"Breakbot,Irfane,Aeroplane","Rock, Dance/Electronic, R&B",Baby I'm Yours (Remix),06:27,Ed Banger Records,India,
94, Can't Feel My Face,The Weeknd,"R&B, Pop",Beauty Behind The Madness,03:33,Universal Republic Records,India,
95, rockstar (feat. 21 Savage),"Post Malone,21 Savage",Hip Hop,beerbongs & bentleys,03:38,Republic Records,India,
96, Psycho (feat. Ty Dolla $ign),"Post Malone,Ty Dolla $ign","Hip Hop, Pop, R&B",beerbongs & bentleys,03:41,Republic Records,India,
97, Better Now,Post Malone,Hip Hop,beerbongs & bentleys,03:51,Republic Records,India,
98," Bekhayali (Arijit Singh Version) [From ""Kabir Singh""]","Arijit Singh,Sachet-Parampara",World/Traditional,"Bekhayali (Arijit Singh Version) [From ""Kabir Singh""]",06:10,T-Series,India,
99, Be Kind (with Halsey),"Marshmello,Halsey","Dance/Electronic, Pop",Be Kind (with Halsey),02:52,Astralwerks,India,
100, Bella Ciao - Música Original de la Serie la Casa de Papel/ Money Heist,Manu Pilas,,Bella Ciao (Música Original de la Serie la Casa de Papel/ Money Heist),02:19,Atresmúsica,India,
101, Money In The Grave (Drake ft. Rick Ross),"Drake,Rick Ross","Hip Hop, Pop, R&B",The Best In The World Pack,03:25,Republic Records,India,
102, Wicked Game,Chris Isaak,Rock,Best of Chris Isaak (Remastered),04:46,Mailboat Records,India,
103, Better Days,LAKEY INSPIRED,Dance/Electronic,Better Days,03:27,LAKEY INSPIRED,India,
104, State Lines,Novo Amor,"Folk/Acoustic, Pop",Birthplace,03:28,AllPoints,India,
105, Ol' Red,Blake Shelton,Country,Blake Shelton,03:41,Warner Records/Nashville,India,
106, Blinding Lights,The Weeknd,"R&B, Pop",Blinding Lights,03:21,Republic Records,India,
107, Blueberry Faygo,Lil Mosey,Hip Hop,Blueberry Faygo,02:42,Mogul Vision/Interscope Records,India,
108, Can't Help Falling in Love,Elvis Presley,"Easy listening, Rock",Blue Hawaii,03:02,RCA/Legacy,India,
109, もしも命が描けたら,YOASOBI,Pop,THE BOOK 2,03:21,YOASOBI,India,
110, She Knows (feat. Amber Coffman & Cults),"J. Cole,Cults,Amber Coffman","Pop, Hip Hop, Rock",Born Sinner (Deluxe Version),04:56,Roc Nation LLC,India,
111, Summertime Sadness,Lana Del Rey,Pop,Born To Die - The Paradise Edition,04:25,Polydor Records,India,
112, Breathe,"Seeb,Neev","Pop, Dance/Electronic, Rock",Breathe,04:00,Universal Music AS,India,
113, Bridge Over Troubled Water,Simon & Garfunkel,"Rock, Folk/Acoustic",Bridge Over Troubled Water,04:53,Columbia,India,
114, Howlin' For You,The Black Keys,"Rock, Blues, Country",Brothers,03:11,[PIAS] Cooperative,India,
115, Broken Heart,Escape the Fate,"Metal, Rock",Broken Heart,03:07,Better Noise Records,India,
116, Bunny Girl,"1nonly,Ciscaux",Hip Hop,Bunny Girl,02:46,1nonly,India,
117, 白日,King Gnu,Pop,CEREMONY,04:36,Sony Music Labels Inc.,India,
118, Cigarettes After Sex,Xavier Esparza,,Cigarettes After Sex,03:12,Xavier Esparza,India,
119, Sunsetz,Cigarettes After Sex,"New age, Rock, Country",Cigarettes After Sex,03:35,Partisan Records,India,
120, Only One King,"Tommee Profitt,Jung Youth",Folk/Acoustic,Cinematic Songs (Vol. 3),03:30,Tommee Profitt Studios,India,
121, Circles,Post Malone,Hip Hop,Circles,03:34,Republic Records,India,
122, Closer,"The Chainsmokers,Halsey","Pop, Dance/Electronic",Closer,04:04,Disruptor Records/Columbia,India,
123, Setting Fires,"The Chainsmokers,XYLØ","Pop, Dance/Electronic",Collage EP,04:07,Disruptor Records/Columbia,India,
124, Reflex,SAINt JHN,Hip Hop,Collection One,04:01,Godd Complexx/HITCO,India,
125, College Wale Yaar,Harf Cheema,"World/Traditional, Hip Hop",College Wale Yaar,03:28,Geet Mp3,India,
126, idfc,blackbear,"Pop, Hip Hop",deadroses,04:05,beartrap,India,
127, death bed (coffee for your head),"Powfu,beabadoobee","Pop, Rock, Hip Hop",death bed (coffee for your head),02:53,Columbia,India,
128, No Vaseline,Ice Cube,Hip Hop,Death Certificate,05:12,Priority Records,India,
129, Darkside,"Alan Walker,Au/Ra,Tomine Harket","Dance/Electronic, Pop",Darkside,03:31,MER Recordings,India,
130, Dango Daikazoku,Kyle Landry,Pop,Dango Daikazoku,05:10,Kyle Landry,India,
131," Bhaag D.K. Bose, Aandhi Aayi",Ram Sampath,"Hip Hop, World/Traditional, Rock",Delhi Belly (Original Motion Picture Soundtrack),04:01,UTV,India,
132, Shape of You,Ed Sheeran,Pop,÷ (Deluxe),03:53,Atlantic Records UK,India,
133, Galway Girl,Ed Sheeran,Pop,÷ (Deluxe),02:50,Atlantic Records UK,India,
134, Wolves (feat. Post Malone),"Big Sean,Post Malone","Hip Hop, Pop",Detroit 2,03:19,"Getting Out Our Dreams, Inc./Def Jam Recordings",India,
135, Laaree Chootee,Call,World/Traditional,Dhoom,03:57,Rolla Rappa Records,India,
136, Die For You,"VALORANT,Grabbitz",Dance/Electronic,Die For You,03:32,Riot Games,India,
137, Someone You Loved,Lewis Capaldi,Pop,Divinely Uninspired To A Hellish Extent,03:02,Vertigo Berlin,India,
138, A Song for You,Donny Hathaway,R&B,Donny Hathaway,05:25,Rhino Atlantic,India,
139, Don't You Worry Child - Radio Edit,"Swedish House Mafia,John Martin","Dance/Electronic, Pop",Don't You Worry Child,03:32,Virgin Records,India,
140, Runaway Baby,Bruno Mars,Pop,Doo-Wops & Hooligans,02:28,Atlantic Records,India,
141, Just the Way You Are,Bruno Mars,Pop,Doo-Wops & Hooligans,03:40,Elektra (NEK),India,
142, dreamy night,LilyPichu,Pop,dreamy night,04:05,comfi beats,India,
143, Drown (feat. Clinton Kane),"Martin Garrix,Clinton Kane","Pop, Dance/Electronic",Drown (feat. Clinton Kane),02:54,Epic Amsterdam,India,
144, Drowning (feat. Kodak Black),"A Boogie Wit da Hoodie,Kodak Black",Hip Hop,Drowning (feat. Kodak Black),03:29,Highbridge The Label,India,
145, DÁKITI,"Bad Bunny,Jhay Cortez",Latin,EL ÚLTIMO TOUR DEL MUNDO,03:25,Rimas Entertainment LLC,India,
146, TE MUDASTE,Bad Bunny,Latin,EL ÚLTIMO TOUR DEL MUNDO,02:10,Rimas Entertainment LLC,India,
147, 1-800-273-8255,"Logic,Alessia Cara,Khalid","R&B, Pop, Hip Hop",Everybody,04:10,Def Jam Recordings,India,
148, Everything Will Be Just Fine,aloneintokyo,EDM/Lofi,Everything Will Be Just Fine,03:14,aloneintokyo,India,
149, unravel,TK from Ling tosite sigure,Pop,Fantastic Magic,03:58,NITRON concepts,India,
150, Falling,Trevor Daniel,"R&B, Hip Hop, Pop",Falling,02:39,Alamo Records,India,
151, Feelings,"Deep Chills,Natania",Dance/Electronic,Feelings,02:43,Miami Beats,India,
152, Melting,CHEEZE,Pop,"Forecasting Love and Weather (Original Television Soundtrack), Pt. 1",03:06,,India,
153, Right Now (Na Na Na),Akon,Pop,Freedom,04:00,Konvict/Upfront/SRC/Universal Records,India,
154, Mask Off,Future,Hip Hop,FUTURE,03:24,Epic/Freebandz/A1,India,
155, Ordinary People,John Legend,"R&B, Pop",Get Lifted,04:41,Getting Out Our Dreams/Sony Urban Music/Columbia,India,
156, GIANTS,"True Damage,Becky G,Keke Palmer,JEON SOYEON,Duckwrth,Thutmose,League of Legends","R&B, Pop, Latin, Hip Hop, Easy listening",GIANTS,03:11,Riot Games,India,
157, Goodbyes (Feat. Young Thug),"Post Malone,Young Thug",Hip Hop,Goodbyes (Feat. Young Thug),02:54,Republic Records,India,
158, A Good Night,"John Legend,BloodPop®","Pop, R&B",A Good Night,03:23,Columbia,India,
159, Boulevard of Broken Dreams,Green Day,Rock,Greatest Hits: God's Favorite Band,04:22,Reprise,India,
160, Aashiq Banaya Aapne,"Himesh Reshammiya,Neha Kakkar","Hip Hop, World/Traditional",Hate Story Iv,03:42,T-Series,India,
161, Heartless,The Weeknd,"R&B, Pop",Heartless,03:20,Republic Records,India,
162, Heathens,"Harddope,Halvorsen",Dance/Electronic,Heathens,02:20,Magic Records,India,
163, Hollows,aloneintokyo,EDM/Lofi,Hollows,03:36,aloneintokyo,India,
164, Hollywood's Bleeding,Post Malone,Hip Hop,Hollywood's Bleeding,02:36,Republic Records,India,
165, Saint-Tropez,Post Malone,Hip Hop,Hollywood's Bleeding,02:30,Republic Records,India,
166, Myself,Post Malone,Hip Hop,Hollywood's Bleeding,02:38,Republic Records,India,
167, La La La,"Naughty Boy,Sam Smith","Pop, Dance/Electronic, R&B",Hotel Cabana (Deluxe Version),03:42,Virgin Records Ltd,India,
168," Hotel California - Live at The Forum, Los Angeles, CA, 10/20-22/1976",Eagles,"Rock, Country",Hotel California (40th Anniversary Expanded Edition),06:49,Rhino/Elektra,India,
169, All Time Low,Jon Bellion,Hip Hop,The Human Condition,03:37,Capitol Records (CAP),India,
170, In the End,Linkin Park,Metal,Hybrid Theory (Bonus Edition),03:36,Warner Records,India,
